,vocabs,frequency
0,foral,1
1,insurance,3
2,informally,1
3,insured,1
4,experimental,4
5,evidence,39
6,kenya,3
7,culture,6
8,religion,1
9,influence,15
10,agriculture,9
11,technology,6
12,gap,3
13,northern,14
14,ghana,10
15,enabling,1
16,environment,15
17,household,8
18,solar,2
19,adoption,3
20,systematic,9
21,review,17
22,behaviour,2
23,agricultural,3
24,practices,10
25,experiences,8
26,smallholder,4
27,farmers,6
28,west,8
29,bengal,1
30,india,20
31,multidimensional,2
32,poverty,6
33,pastoralists,1
34,implications,14
35,policy,22
36,boorana,1
37,rangeland,2
38,system,19
39,southern,10
40,ethiopia,2
41,conservation,9
42,tillage,2
43,systems,12
44,bangladesh,7
45,determining,4
46,critical,10
47,factors,19
48,gender,4
49,inequality,3
50,oecd,1
51,countries,4
52,empowering,1
53,rural,14
54,women,13
55,sustainable,10
56,development,28
57,provision,2
58,water,11
59,infrastructure,8
60,differences,5
61,myanmar,2
62,labor,3
63,force,1
64,moving,1
65,toward,3
66,rice,3
67,africa,17
68,lessons,7
69,learned,2
70,years,10
71,coalition,1
72,african,5
73,microcredit,2
74,expansion,3
75,informal,2
76,donor,1
77,interests,2
78,local,22
79,ngos,1
80,sundarbans,1
81,mangrove,1
82,forest,39
83,relationship,7
84,community,9
85,capitals,1
86,governance,14
87,perspective,13
88,actors,2
89,maya,1
90,biosphere,1
91,reserve,1
92,food,7
93,education,3
94,child,4
95,nutrition,2
96,program,7
97,mgd,1
98,comparative,6
99,analysis,47
100,reading,2
101,comprehension,1
102,gains,1
103,central,17
104,america,6
105,management,22
106,fisheries,4
107,sierra,2
108,leone,1
109,answer,1
110,problems,3
111,roles,2
112,vegetable,1
113,production,7
114,marketing,2
115,income,4
116,utilization,1
117,nepal,5
118,hills,3
119,communities,12
120,intergenerational,1
121,mobility,14
122,association,7
123,presence,3
124,sanitation,2
125,facilities,5
126,school,3
127,enrolment,1
128,pakistan,2
129,burdens,1
130,benefits,6
131,impacts,20
132,mobile,6
133,phone,2
134,ownership,2
135,tanzania,3
136,success,3
137,combating,1
138,pandemic,14
139,role,19
140,fast,1
141,responses,6
142,climate,61
143,induced,2
144,vulnerability,6
145,among,17
146,malawi,3
147,adapting,1
148,drought,12
149,extreme,19
150,hunger,2
151,safety,1
152,net,1
153,programme,2
154,designing,1
155,financial,3
156,services,15
157,learning,7
158,diaries,1
159,urban,122
160,poor,1
161,aid,2
162,towards,15
163,building,2
164,physical,11
165,capital,7
166,empirical,6
167,insecurity,4
168,longitudinal,8
169,study,55
170,households,4
171,indonesia,7
172,effect,8
173,land,25
174,welfare,3
175,dynamics,8
176,wider,1
177,nets,1
178,credit,1
179,mixed,3
180,methods,8
181,lending,1
182,caste,1
183,relations,3
184,bihar,1
185,addressing,2
186,gendered,2
187,varietal,1
188,trait,2
189,preferences,7
190,maize,1
191,intervention,4
192,change,43
193,life,13
194,vietnam,5
195,panel,3
196,data,30
197,flyer,1
198,dilemma,1
199,logger,1
200,case,66
201,justice,9
202,extent,1
203,farm,1
204,diversify,1
205,marginalized,2
206,people,10
207,uganda,2
208,alternative,3
209,realities,1
210,batwa,1
211,bwindi,1
212,impenetrable,1
213,national,5
214,park,7
215,approach,21
216,farming,1
217,context,4
218,feminization,1
219,middle,5
220,strategy,4
221,clusters,2
222,understanding,14
223,past,4
224,plan,1
225,future,11
226,ilha,1
227,grande,1
228,bay,4
229,brazil,5
230,world,6
231,librarians,1
232,providing,1
233,library,1
234,search,2
235,offline,1
236,schools,4
237,libraries,1
238,improving,5
239,living,9
240,conditions,10
241,displacees,1
242,benefit,1
243,sharing,4
244,scheme,4
245,displacement,2
246,resettlement,2
247,didr,1
248,jakarta,2
249,participation,11
250,voluntary,3
251,cocoa,2
252,certification,2
253,impact,26
254,mapping,14
255,conceptual,3
256,framework,10
257,empowerment,1
258,incentive,1
259,structures,2
260,constitution,1
261,enterprises,1
262,citizen,3
263,dilemmas,2
264,kumasi,1
265,female,5
266,matters,3
267,workfare,1
268,dissemination,2
269,perception,3
270,adaptation,12
271,insights,8
272,coastal,7
273,area,15
274,insertion,1
275,mexico,3
276,global,37
277,value,9
278,chain,1
279,berries,1
280,information,5
281,salvage,1
282,livelihoods,1
283,arid,2
284,semiarid,1
285,lands,2
286,evaluation,11
287,access,6
288,use,23
289,namibia,1
290,willingness,3
291,pay,3
292,improved,1
293,irrigation,2
294,supply,8
295,resilience,6
296,capacities,1
297,shocks,5
298,weather,10
299,perennial,1
300,crops,1
301,demand,6
302,social,31
303,sustainability,11
304,argan,1
305,boom,1
306,green,18
307,morocco,1
308,present,2
309,issues,2
310,efforts,1
311,integrate,1
312,goals,3
313,senior,1
314,high,8
315,japan,6
316,planning,8
317,design,7
318,solutions,3
319,healthy,4
320,livable,1
321,areas,16
322,tree,13
323,crown,1
324,geometry,3
325,performances,3
326,human,7
327,thermal,7
328,comfort,5
329,adjustment,1
330,spatial,40
331,suitability,2
332,assessment,18
333,site,5
334,level,13
335,hill,1
336,characterizing,4
337,landscape,9
338,patterns,17
339,interfaces,1
340,drive,7
341,policies,9
342,form,2
343,behavior,1
344,kuala,1
345,lumpur,1
346,malaysia,4
347,performance,6
348,ventilation,2
349,corridors,1
350,based,13
351,least,1
352,cost,4
353,path,2
354,assessing,11
355,municipal,1
356,service,7
357,quality,12
358,residential,5
359,neighborhoods,4
360,servqual,1
361,ahp,1
362,score,1
363,card,2
364,dhaka,3
365,north,7
366,city,48
367,corporation,1
368,twitter,1
369,revisiting,3
370,built,10
371,potential,10
372,changes,23
373,paradigm,4
374,shifts,3
375,due,5
376,time,5
377,series,1
378,cover,7
379,related,8
380,heat,18
381,island,7
382,intensity,3
383,bangkok,1
384,metropolitan,11
385,thailand,4
386,optimisation,1
387,road,3
388,workforce,1
389,using,33
390,differential,1
391,evolution,9
392,transition,3
393,new,31
394,normal,1
395,lens,1
396,science,3
397,agenda,3
398,drivers,8
399,barriers,3
400,indian,7
401,cities,24
402,possible,2
403,outbreak,3
404,real,2
405,estate,1
406,sector,5
407,adopt,1
408,situation,1
409,general,1
410,turkish,1
411,smart,3
412,work,4
413,collaborative,1
414,space,14
415,teach,1
416,us,3
417,reflections,7
418,driving,3
419,formation,7
420,structure,5
421,strategic,3
422,decisions,2
423,pandemics,3
424,turkey,2
425,classification,5
426,strategies,8
427,method,8
428,xuzhou,1
429,example,5
430,evaluating,9
431,environmental,29
432,influences,3
433,active,6
434,public,14
435,transport,9
436,accessibility,6
437,university,5
438,students,1
439,analyses,3
440,modeling,11
441,network,8
442,interactions,8
443,disaggregate,1
444,lulc,1
445,suburb,2
446,delhi,7
447,ncr,1
448,landsat,1
449,datasets,2
450,establishing,1
451,simultaneously,1
452,lesson,1
453,constitutional,1
454,amendment,1
455,act,2
456,dis,1
457,amenities,1
458,housing,9
459,market,3
460,khulna,1
461,distribution,8
462,waste,2
463,collection,1
464,points,2
465,mombasa,1
466,county,1
467,tradition,1
468,layers,1
469,persian,1
470,garden,2
471,microfinance,1
472,livelihood,1
473,borrower,1
474,slum,2
475,dwellers,2
476,residents,2
477,petitions,1
478,text,1
479,mining,30
480,ecology,5
481,penang,2
482,state,10
483,brand,1
484,affordable,1
485,regional,8
486,location,1
487,comprehensive,3
488,configuration,1
489,model,17
490,learn,1
491,china,29
492,plans,2
493,solvability,1
494,complexity,1
495,novel,3
496,condominium,1
497,mode,4
498,taiwan,2
499,effective,2
500,kalaburagi,1
501,karnataka,1
502,vertical,2
503,equity,5
504,integration,2
505,aspatial,1
506,solid,1
507,advanced,2
508,locality,1
509,alm,1
510,mumbai,1
511,frugality,1
512,absorptive,1
513,capacity,2
514,mitigation,4
515,effects,20
516,property,4
517,rights,12
518,victoria,2
519,theatre,1
520,virtual,7
521,reality,3
522,digital,15
523,heritage,12
524,user,3
525,experience,8
526,reconstruction,6
527,historic,3
528,qatar,1
529,exhibitions,1
530,visitors,1
531,multidisciplinary,2
532,museums,1
533,age,5
534,volumetric,1
535,archaeological,10
536,stratigraphic,1
537,cyprus,1
538,technological,1
539,convergence,1
540,transformation,4
541,challenges,7
542,ch,1
543,sectors,1
544,commencing,1
545,era,2
546,photogrammetry,6
547,printing,1
548,applied,4
549,restoration,6
550,architectural,1
551,ornament,1
552,radial,1
553,figures,1
554,leonardo,1
555,renaissance,1
556,paintings,1
557,photogrammetric,2
558,ravine,1
559,sanctuary,1
560,great,4
561,gods,1
562,samothrace,1
563,reproduce,1
564,analyse,1
565,ancient,3
566,moulded,1
567,artefacts,4
568,within,5
569,symbolic,1
570,prehistoric,1
571,hunters,1
572,sites,3
573,complexes,2
574,linear,2
575,incisions,1
576,western,12
577,sicily,2
578,visualization,1
579,subsurface,2
580,objects,1
581,la,2
582,brea,1
583,tar,1
584,pits,1
585,los,2
586,angeles,2
587,ca,2
588,unfolding,1
589,rolled,1
590,tin,1
591,headbands,1
592,early,5
593,bronze,1
594,application,6
595,effectiveness,6
596,monitoring,4
597,surveying,1
598,research,17
599,valley,4
600,kings,1
601,tuva,1
602,russia,3
603,paleolithic,1
604,excavations,1
605,terrestrial,3
606,laser,4
607,scanner,2
608,de,5
609,atapuerca,1
610,railway,4
611,trench,1
612,burgos,1
613,n,1
614,spain,3
615,masons,1
616,marks,1
617,aleppo,2
618,defensive,1
619,tower,1
620,old,4
621,scanning,3
622,identification,3
623,affordances,1
624,haptic,1
625,visualisation,3
626,archive,1
627,archaeology,2
628,palmyra,1
629,syria,3
630,tomb,1
631,ḥairan,1
632,geometric,1
633,accuracy,1
634,semantic,1
635,richness,8
636,bim,1
637,tool,4
638,mensiochronological,1
639,maria,1
640,veterana,1
641,triggiano,1
642,italy,8
643,parametric,1
644,interpretation,1
645,interpretative,1
646,process,4
647,reconstitution,1
648,hercules,1
649,marble,2
650,statue,1
651,nameless,1
652,temple,2
653,tipasa,1
654,conserving,3
655,thangka,2
656,technical,2
657,unto,1
658,preservation,2
659,buddhist,1
660,automation,3
661,antique,1
662,glass,1
663,combining,1
664,photography,1
665,computed,1
666,tomography,1
667,geomaterials,1
668,centre,2
669,naples,1
670,integrated,3
671,cultural,9
672,interactive,1
673,museum,2
674,afrasiyab,1
675,silk,1
676,interaction,2
677,behaviours,2
678,different,10
679,representation,1
680,scales,3
681,defining,1
682,contribution,2
683,machine,3
684,calculating,1
685,tonnage,1
686,dimension,2
687,cargoes,1
688,roman,1
689,period,3
690,software,1
691,distant,1
692,augmented,1
693,bringing,2
694,drones,1
695,describing,1
696,comparing,3
697,analysing,1
698,tools,2
699,methodology,1
700,designed,1
701,similarity,1
702,death,4
703,masks,1
704,portraits,1
705,projection,2
706,vincenzo,1
707,bellini,1
708,field,5
709,documentation,4
710,surface,9
711,survey,4
712,hualfín,1
713,catamarca,1
714,argentina,5
715,automatic,1
716,metrology,1
717,techniques,4
718,scanned,1
719,vessels,1
720,efficient,1
721,labour,4
722,studies,8
723,contexts,2
724,qasr,1
725,jordan,1
726,energy,5
727,optimization,2
728,light,4
729,buildings,1
730,virtually,1
731,restores,1
732,artworks,1
733,journey,3
734,microstructure,1
735,multifocal,1
736,microscope,1
737,retrieved,1
738,shipwrecks,1
739,web,1
740,repository,1
741,models,11
742,integrating,3
743,conventional,2
744,recording,3
745,wooden,2
746,ship,1
747,alexandria,1
748,va,1
749,peristyle,1
750,apollo,1
751,syracuse,1
752,historical,5
753,hypotheses,2
754,revisited,1
755,finite,2
756,element,2
757,determination,1
758,ceramic,1
759,tile,1
760,colour,2
761,medieval,1
762,madrasah,1
763,mosaic,1
764,samarkand,1
765,applicability,1
766,unmanned,1
767,aerial,1
768,vehicle,1
769,uav,1
770,fossilised,1
771,footprints,2
772,narralive,1
773,creating,1
774,experiencing,1
775,storytelling,2
776,stepping,1
777,stones,1
778,tessellated,1
779,century,3
780,byzantine,1
781,synagogue,1
782,floor,1
783,apamea,1
784,orontes,1
785,standard,1
786,setting,1
787,extractive,7
788,industries,3
789,transparency,1
790,initiative,1
791,mine,3
792,selection,1
793,niobium,1
794,canada,4
795,eroding,1
796,enterprise,2
797,oil,3
798,gas,5
799,reflection,2
800,failed,3
801,exploring,13
802,geology,3
803,eastern,10
804,territories,3
805,genealogy,1
806,atacama,2
807,desert,4
808,modern,3
809,waterscapes,1
810,tarapacá,1
811,region,10
812,chile,8
813,guiding,1
814,principles,1
815,processes,4
816,coal,2
817,german,2
818,lusatia,1
819,vulnerabilities,3
820,evolutions,1
821,cycle,3
822,decline,4
823,free,1
824,goldfields,1
825,estimating,5
826,rare,2
827,earth,2
828,baotou,1
829,territorial,6
830,making,8
831,norms,1
832,quellaveco,1
833,dialogue,1
834,roundtable,1
835,changed,1
836,game,2
837,regulation,2
838,peru,3
839,landscapes,5
840,endogenous,1
841,towns,1
842,examples,3
843,europe,5
844,former,2
845,santa,2
846,barbara,1
847,tuscany,2
848,regeneration,6
849,reconciling,1
850,standards,2
851,operational,1
852,needs,1
853,projects,6
854,guinea,3
855,anchorage,1
856,natural,8
857,exploitation,2
858,project,2
859,gold,5
860,french,7
861,guiana,2
862,risk,16
863,scale,10
864,place,11
865,caledonia,2
866,negotiation,1
867,recognition,1
868,trace,3
869,metals,1
870,dispersion,1
871,activity,17
872,alps,2
873,domestication,2
874,content,3
875,requirements,1
876,metal,2
877,mines,1
878,prospective,3
879,petroleum,1
880,producers,1
881,fell,1
882,victim,1
883,presource,1
884,curse,1
885,peoples,3
886,multiple,6
887,frontiers,2
888,better,3
889,populations,2
890,manage,1
891,massive,1
892,aggradation,1
893,rivers,3
894,stemming,1
895,thio,1
896,hundred,1
897,exploration,2
898,tell,1
899,considering,2
900,trajectory,2
901,understand,1
902,sociogeological,1
903,trajectories,3
904,interdisciplinary,2
905,concept,1
906,achieve,2
907,ecosystem,15
908,myth,1
909,gravity,1
910,concentration,3
911,eliminate,1
912,mercury,3
913,artisanal,2
914,robotics,1
915,jobs,1
916,volatility,1
917,international,6
918,commodity,1
919,prices,3
920,times,4
921,unconventional,1
922,uoag,1
923,farmland,1
924,findings,1
925,bakken,1
926,shale,1
927,dakota,1
928,pockets,1
929,matter,4
930,politically,1
931,industry,3
932,taxation,1
933,developments,1
934,beneficial,1
935,disclosure,1
936,nigeria,3
937,finance,2
938,fossil,1
939,divided,2
940,corporate,3
941,accountability,1
942,diplomatic,1
943,liability,1
944,overseas,1
945,activist,2
946,perceptions,4
947,resistance,3
948,movements,3
949,crimes,1
950,activities,5
951,explanations,1
952,low,4
953,enforcement,1
954,illegal,1
955,madre,1
956,dios,1
957,institutional,5
958,investors,1
959,visits,2
960,responsibility,3
961,lockdown,5
962,opportunity,1
963,conducting,1
964,air,11
965,baseline,1
966,port,2
967,harcourt,1
968,subterranean,1
969,slavery,1
970,supports,2
971,transitions,2
972,power,6
973,patriarchy,1
974,congolese,1
975,cobalt,1
976,southeastern,3
977,managerial,1
978,perspectives,8
979,advancing,2
980,considerations,1
981,mineral,3
982,across,20
983,asean,1
984,appraising,1
985,affected,2
986,implementing,1
987,programs,2
988,listed,1
989,statement,1
990,nickel,1
991,smelter,1
992,need,1
993,consistent,2
994,packages,1
995,support,5
996,capabilities,1
997,ebola,2
998,pestilence,1
999,governmental,1
1000,corruption,1
1001,exacerbate,1
1002,largest,2
1003,history,1
1004,measuring,3
1005,sdgs,1
1006,host,1
1007,south,17
1008,supporting,1
1009,indigenous,7
1010,employee,1
1011,retention,1
1012,australian,4
1013,pilbara,1
1014,population,3
1015,mount,1
1016,isa,1
1017,lead,3
1018,exposure,13
1019,conceptualizing,1
1020,sand,1
1021,extractivism,2
1022,deconstructing,1
1023,emerging,3
1024,resource,4
1025,frontier,2
1026,clustering,2
1027,bivariate,2
1028,dependencies,1
1029,compound,9
1030,precipitation,11
1031,wind,3
1032,extremes,6
1033,britain,1
1034,ireland,1
1035,hot,7
1036,season,2
1037,variability,10
1038,hazards,4
1039,mortalities,1
1040,events,11
1041,robust,1
1042,marine,5
1043,heatwaves,2
1044,transient,1
1045,stabilization,1
1046,warming,9
1047,superimposing,1
1048,animated,1
1049,flood,3
1050,surfaces,1
1051,photographs,1
1052,communication,2
1053,increasing,3
1054,warm,1
1055,spells,1
1056,droughts,3
1057,mediterranean,8
1058,basin,15
1059,outdoor,3
1060,stress,8
1061,cognition,1
1062,counterfactual,1
1063,multivariate,2
1064,quantile,2
1065,ensemble,2
1066,forecasts,2
1067,recent,3
1068,nationwide,2
1069,assessments,4
1070,east,8
1071,asia,7
1072,influential,1
1073,northwest,3
1074,pacific,8
1075,european,11
1076,coast,1
1077,atmospheric,6
1078,characterize,1
1079,strength,2
1080,trends,6
1081,indices,3
1082,assessed,1
1083,xingu,1
1084,river,15
1085,brazilian,4
1086,amazon,3
1087,combined,2
1088,meteorological,2
1089,index,6
1090,comparison,6
1091,simulating,1
1092,seasonal,3
1093,anomalous,1
1094,moisture,3
1095,sources,4
1096,rhine,2
1097,extremely,1
1098,dry,5
1099,summers,2
1100,modulating,1
1101,synergy,1
1102,dead,1
1103,fine,2
1104,fuel,2
1105,bushfire,1
1106,fuels,1
1107,southeast,2
1108,hourly,2
1109,australia,5
1110,observational,2
1111,record,2
1112,constrain,1
1113,agency,3
1114,health,24
1115,qualitative,4
1116,small,4
1117,developing,6
1118,temperature,15
1119,rainfall,5
1120,current,2
1121,levels,2
1122,zones,2
1123,view,1
1124,iberian,2
1125,peninsula,2
1126,database,2
1127,characteristics,7
1128,variations,4
1129,investigating,2
1130,merits,1
1131,gauge,2
1132,satellite,3
1133,summer,3
1134,populated,1
1135,probability,2
1136,associated,7
1137,peak,1
1138,month,3
1139,heatwave,4
1140,measure,2
1141,higher,1
1142,predictive,1
1143,prevent,2
1144,risks,2
1145,ehf,1
1146,gato,1
1147,iv,1
1148,modelling,7
1149,lisbon,1
1150,mortality,5
1151,coping,2
1152,district,1
1153,multan,1
1154,punjab,1
1155,reported,2
1156,northeast,1
1157,nonlinear,1
1158,ozone,1
1159,united,7
1160,states,7
1161,characterization,5
1162,long,2
1163,return,2
1164,values,5
1165,daily,6
1166,part,5
1167,projections,2
1168,increase,4
1169,occurrence,3
1170,reproductive,2
1171,growth,5
1172,russian,1
1173,wheat,1
1174,beyond,3
1175,c,1
1176,godavari,1
1177,could,1
1178,crop,4
1179,albedo,1
1180,modification,1
1181,reduce,2
1182,severity,2
1183,duration,1
1184,frequency,4
1185,populous,1
1186,joint,1
1187,updated,1
1188,results,2
1189,simulations,1
1190,less,2
1191,climatic,2
1192,arctic,4
1193,shift,1
1194,episodic,1
1195,typhoons,1
1196,parma,1
1197,melor,1
1198,ocean,5
1199,downscaling,1
1200,reference,1
1201,growing,3
1202,germany,3
1203,circulation,2
1204,picea,1
1205,mariana,1
1206,trees,9
1207,boreal,2
1208,plains,2
1209,interior,1
1210,never,1
1211,rains,1
1212,california,4
1213,constructions,1
1214,phenomenon,1
1215,internal,2
1216,nagavali,1
1217,vamsadhara,1
1218,basins,1
1219,mean,2
1220,predict,1
1221,sugar,1
1222,yield,2
1223,fiji,2
1224,san,2
1225,francisco,2
1226,fluxes,3
1227,zone,4
1228,distinct,1
1229,macroclimate,1
1230,regions,6
1231,spatiotemporal,3
1232,forecast,1
1233,climatology,1
1234,geomorphometry,1
1235,hong,4
1236,kong,4
1237,investigation,3
1238,climates,1
1239,andhi,1
1240,severe,1
1241,megacity,1
1242,elements,3
1243,baltic,1
1244,sea,12
1245,poland,2
1246,microclimate,1
1247,famous,1
1248,dwellings,1
1249,hakka,1
1250,tulou,1
1251,hezhou,1
1252,singapore,4
1253,confinement,2
1254,neighborhood,10
1255,aerosol,2
1256,aeronet,1
1257,introduction,1
1258,special,2
1259,issue,2
1260,scenario,1
1261,pollution,4
1262,major,2
1263,agglomerations,1
1264,composition,5
1265,ahmedabad,1
1266,big,2
1267,size,2
1268,aerosols,1
1269,kitchen,1
1270,environments,6
1271,measurement,1
1272,bern,1
1273,switzerland,1
1274,urbanization,6
1275,paths,1
1276,emissions,4
1277,asian,4
1278,economies,2
1279,impervious,1
1280,vegetation,5
1281,greenhouse,1
1282,analyzing,2
1283,distancing,2
1284,resumption,1
1285,são,2
1286,paulo,2
1287,municipality,1
1288,trips,2
1289,metro,2
1290,rail,1
1291,users,6
1292,two,6
1293,stations,1
1294,morphology,2
1295,secondary,3
1296,organic,5
1297,untreated,1
1298,exhaust,1
1299,gasoline,1
1300,motorcycles,1
1301,catchment,2
1302,scenarios,3
1303,hyderabad,1
1304,predicting,3
1305,calibrated,1
1306,utci,1
1307,belo,1
1308,horizonte,1
1309,source,2
1310,apportionment,1
1311,elemental,1
1312,species,8
1313,especial,1
1314,emphasis,1
1315,variation,7
1316,facilitating,1
1317,rapidly,2
1318,urbanizing,1
1319,typical,1
1320,polluted,1
1321,representative,1
1322,passenger,2
1323,vehicles,1
1324,estimate,1
1325,consumption,3
1326,emission,1
1327,rates,5
1328,formulate,1
1329,feasibility,2
1330,adaptive,1
1331,savings,1
1332,cooling,3
1333,heating,2
1334,large,4
1335,american,5
1336,santiago,3
1337,temporal,6
1338,convolutional,1
1339,artificial,2
1340,neural,1
1341,forecasting,2
1342,missing,1
1343,deep,1
1344,indoor,1
1345,concurrent,1
1346,wave,3
1347,blackout,1
1348,event,5
1349,phoenix,3
1350,arizona,3
1351,asymmetric,1
1352,nexus,2
1353,kolkata,1
1354,estimates,2
1355,meteorology,1
1356,microclimatic,1
1357,spaces,17
1358,propagation,2
1359,containment,1
1360,cairo,1
1361,utilizing,1
1362,portal,1
1363,wudapt,1
1364,facilitate,2
1365,estimation,3
1366,sensation,1
1367,load,2
1368,body,1
1369,irradiated,1
1370,occupational,1
1371,strain,1
1372,workers,5
1373,summertime,1
1374,tropical,5
1375,lcz,1
1376,topics,1
1377,learnt,1
1378,mesoscale,1
1379,applications,1
1380,cycling,8
1381,cyclist,2
1382,hotspots,1
1383,seoul,4
1384,random,3
1385,regression,4
1386,indicators,1
1387,disease,9
1388,yangtze,5
1389,delta,2
1390,beliefs,1
1391,reduced,3
1392,daytime,1
1393,urbans,1
1394,rituals,1
1395,memory,4
1396,belonging,1
1397,geneva,1
1398,creative,8
1399,hubs,1
1400,underlying,1
1401,relationships,3
1402,cohesion,2
1403,literature,2
1404,preferring,1
1405,needing,1
1406,evolutionary,1
1407,psychology,1
1408,utility,2
1409,satisfaction,3
1410,rise,6
1411,fall,1
1412,class,3
1413,alaçatı,1
1414,society,2
1415,blm,1
1416,sale,1
1417,art,4
1418,interventionism,1
1419,cape,1
1420,town,3
1421,precarious,1
1422,publics,1
1423,agglomeration,2
1424,pattern,2
1425,poznań,1
1426,resonating,1
1427,debate,2
1428,cooperative,1
1429,approaches,2
1430,improvement,1
1431,xizhou,1
1432,squatter,1
1433,settlements,2
1434,taipei,3
1435,inclusive,2
1436,ready,1
1437,george,1
1438,reframing,2
1439,artistic,2
1440,independent,1
1441,films,1
1442,scenes,1
1443,paris,1
1444,strengthening,1
1445,participatory,5
1446,skills,1
1447,transmission,4
1448,remembrance,1
1449,athens,1
1450,polytechnic,1
1451,uprising,1
1452,justification,1
1453,music,2
1454,handbooks,1
1455,intermediaries,2
1456,disputes,1
1457,assemblage,2
1458,engagement,2
1459,london,3
1460,chrisp,1
1461,street,5
1462,perceived,5
1463,married,2
1464,tamil,1
1465,nadu,1
1466,capitalizing,1
1467,flagship,1
1468,initiatives,1
1469,transforming,3
1470,police,1
1471,quarters,1
1472,pmq,1
1473,wayfarer,1
1474,visions,1
1475,songs,1
1476,bruce,1
1477,springsteen,1
1478,meets,1
1479,monsters,1
1480,activism,2
1481,organizing,1
1482,artists,1
1483,commitment,2
1484,covid,1
1485,cultures,2
1486,societies,2
1487,laden,1
1488,expectations,1
1489,arts,1
1490,glocalisation,1
1491,appropriation,1
1492,turn,1
1493,discourse,3
1494,buenos,1
1495,aires,1
1496,classes,1
1497,dashboards,1
1498,ethics,2
1499,normativity,1
1500,passing,1
1501,torch,1
1502,politics,15
1503,olympic,1
1504,bids,1
1505,oslo,2
1506,stockholm,1
1507,networks,5
1508,bibliometric,1
1509,phases,1
1510,crystallisation,1
1511,subcultures,1
1512,chic,1
1513,worlding,5
1514,timisoara,1
1515,romania,1
1516,little,2
1517,vienna,1
1518,icon,1
1519,ecoc,1
1520,struggle,1
1521,wall,1
1522,dressed,1
1523,graffiti,1
1524,punk,1
1525,disaster,1
1526,informality,1
1527,clubbing,1
1528,afternoon,1
1529,chennai,1
1530,gendering,2
1531,hybrid,4
1532,gathering,1
1533,maker,1
1534,makerspaces,1
1535,practice,3
1536,determinants,6
1537,shanghai,2
1538,collective,6
1539,reproducing,1
1540,memories,4
1541,baharestan,1
1542,square,1
1543,tehran,1
1544,iran,2
1545,cutting,1
1546,clutter,1
1547,definitions,1
1548,informativeness,1
1549,car,2
1550,relation,3
1551,fluctuations,1
1552,prevalence,5
1553,cvd,1
1554,tribal,1
1555,nontribal,1
1556,jharkhand,1
1557,cannabis,1
1558,young,2
1559,adults,7
1560,colonoscopy,1
1561,carolina,1
1562,caribbean,3
1563,statistical,2
1564,pennsylvania,1
1565,socioeconomic,4
1566,indexes,1
1567,hiv,3
1568,incidence,4
1569,geospatial,3
1570,inference,1
1571,latent,2
1572,individual,4
1573,infectious,2
1574,influenza,1
1575,double,1
1576,jeopardy,1
1577,happens,1
1578,epidemic,2
1579,followed,1
1580,earthquake,1
1581,bayesian,3
1582,accounting,2
1583,misclassification,1
1584,bias,1
1585,surveillance,3
1586,philadelphia,1
1587,pa,1
1588,malaria,1
1589,anemia,1
1590,childbearing,1
1591,clinical,1
1592,epidemiological,1
1593,aspects,1
1594,leishmaniasis,1
1595,barreiras,1
1596,bahia,1
1597,response,12
1598,naudet,1
1599,et,1
1600,al,1
1601,lithium,2
1602,drinking,2
1603,altitude,1
1604,suicide,2
1605,argentinean,1
1606,andes,1
1607,warning,1
1608,copd,1
1609,emergency,3
1610,admissions,1
1611,susceptibility,2
1612,footprint,1
1613,rate,3
1614,fars,1
1615,province,2
1616,linking,5
1617,discriminatory,1
1618,contemporary,2
1619,baltimore,1
1620,airport,1
1621,anticipate,1
1622,spread,3
1623,diseases,1
1624,travel,9
1625,symptoms,1
1626,online,1
1627,used,1
1628,optimise,1
1629,predictions,2
1630,belgium,3
1631,brain,1
1632,nervous,1
1633,cancer,4
1634,identified,1
1635,counties,2
1636,insufficient,1
1637,heavy,1
1638,preschoolers,1
1639,playground,1
1640,stroke,1
1641,centers,1
1642,traffic,2
1643,congestion,2
1644,dengue,3
1645,lstm,1
1646,versus,4
1647,fever,2
1648,puerto,1
1649,rico,1
1650,letter,1
1651,editor,1
1652,negatively,2
1653,correlates,3
1654,sunlight,2
1655,baylisascaris,1
1656,procyonis,1
1657,zoonotic,1
1658,parasite,1
1659,raccoons,1
1660,ontario,1
1661,hierarchical,2
1662,passive,1
1663,men,4
1664,sex,3
1665,york,5
1666,unknown,1
1667,denominator,1
1668,problem,3
1669,core,1
1670,migrating,1
1671,persons,1
1672,border,5
1673,histories,2
1674,lung,1
1675,mountaintop,1
1676,removal,3
1677,appalachia,1
1678,geostatistical,1
1679,maps,3
1680,lymphatic,1
1681,filariasis,1
1682,scan,1
1683,statistic,1
1684,contextual,3
1685,mental,4
1686,department,1
1687,children,7
1688,adolescents,4
1689,geographically,1
1690,weighted,1
1691,colombia,4
1692,positive,1
1693,transformations,2
1694,enable,3
1695,fishing,1
1696,urgency,1
1697,decision,4
1698,laboratory,2
1699,plural,2
1700,himalayas,1
1701,connecting,1
1702,dots,1
1703,migration,7
1704,algorithmic,1
1705,changing,6
1706,scalar,1
1707,biases,1
1708,photovoltaics,1
1709,diversity,17
1710,observations,1
1711,inform,2
1712,shapes,1
1713,outcomes,4
1714,carbon,8
1715,entry,1
1716,melting,1
1717,himalayan,3
1718,glaciers,1
1719,planetary,2
1720,deltaic,2
1721,megacities,2
1722,subsidence,1
1723,pathways,5
1724,tokyo,2
1725,manila,1
1726,ho,1
1727,chi,1
1728,minh,1
1729,losses,4
1730,damages,1
1731,soes,1
1732,transformational,1
1733,drylands,7
1734,managing,2
1735,slow,2
1736,onset,2
1737,bureaucracy,1
1738,knowledge,3
1739,actions,1
1740,latin,1
1741,reviewing,1
1742,navigating,2
1743,foresight,1
1744,flexibility,1
1745,recommendations,1
1746,planned,1
1747,relocation,2
1748,loss,6
1749,damage,3
1750,islands,2
1751,promoting,2
1752,tenure,1
1753,security,2
1754,peace,1
1755,appropriate,1
1756,fostering,1
1757,actor,2
1758,coalitions,1
1759,complex,5
1760,sociotechnical,1
1761,stability,2
1762,equilibrium,1
1763,millennial,2
1764,solution,2
1765,fertilizer,1
1766,narratives,3
1767,end,1
1768,regenerative,1
1769,responsible,1
1770,innovation,4
1771,licence,2
1772,operate,2
1773,aligning,1
1774,concepts,1
1775,legitimacy,1
1776,extraction,2
1777,engineering,3
1778,biological,2
1779,synthetic,1
1780,biology,1
1781,gene,1
1782,drives,1
1783,revegetation,1
1784,shrub,1
1785,planting,3
1786,degraded,1
1787,dryland,8
1788,hydrological,1
1789,sediment,10
1790,connectivity,2
1791,mezquital,1
1792,ddp,1
1793,resilient,1
1794,flash,1
1795,governing,1
1796,commons,1
1797,rethinking,1
1798,links,3
1799,soil,14
1800,stocks,2
1801,chinese,7
1802,resources,3
1803,opportunities,2
1804,prosperity,1
1805,sahel,1
1806,essential,1
1807,variables,1
1808,dynamic,3
1809,achieving,2
1810,fit,1
1811,ecological,9
1812,observation,1
1813,financing,1
1814,pastoral,2
1815,grazing,2
1816,biodiversity,5
1817,multifunctionality,1
1818,feedbacks,1
1819,ecosystems,3
1820,promote,2
1821,catchments,2
1822,loess,1
1823,plateau,4
1824,owning,1
1825,everyday,3
1826,amelia,1
1827,presscambridge,1
1828,massachusettsxv,1
1829,paperback,4
1830,isbn,6
1831,meaningful,1
1832,connections,1
1833,emotions,5
1834,subaltern,2
1835,feel,1
1836,ethnography,1
1837,subalternity,1
1838,emotion,3
1839,conference,1
1840,emotional,7
1841,becoming,1
1842,campus,1
1843,leaders,1
1844,care,4
1845,archives,2
1846,postcolonial,1
1847,intersectional,2
1848,moves,1
1849,feminist,1
1850,geographic,1
1851,childhood,2
1852,settings,1
1853,affect,9
1854,race,1
1855,letting,1
1856,brush,1
1857,mark,1
1858,cousins,1
1859,floating,1
1860,cartography,1
1861,window,1
1862,visualizing,1
1863,felt,1
1864,geographies,8
1865,love,2
1866,relational,1
1867,spouse,1
1868,senegal,2
1869,reclaiming,1
1870,failure,5
1871,geography,8
1872,academic,3
1873,honesty,1
1874,neoliberal,1
1875,atmospheres,1
1876,simultaneous,1
1877,constructing,1
1878,labyrinth,1
1879,psychological,3
1880,deterrence,1
1881,calling,1
1882,friendship,1
1883,collaboration,1
1884,amid,2
1885,miracle,1
1886,boats,1
1887,wonders,1
1888,locating,1
1889,recovery,1
1890,japanese,1
1891,debris,2
1892,tactics,1
1893,umbrella,1
1894,movement,2
1895,jeffreysconcethe,1
1896,delusion,1
1897,electronics,1
1898,paper,3
1899,cloth,4
1900,academicnew,1
1901,yorkxxii,1
1902,notes,1
1903,good,1
1904,boys,1
1905,gang,1
1906,members,1
1907,asylum,2
1908,gained,1
1909,lost,2
1910,devastating,1
1911,signatures,1
1912,capoeira,1
1913,media,3
1914,greek,1
1915,migrant,4
1916,disinformation,1
1917,weaponization,1
1918,cruel,1
1919,optimism,1
1920,misinformation,1
1921,struggling,1
1922,researching,2
1923,failures,1
1924,english,3
1925,material,1
1926,reconcile,1
1927,sorting,1
1928,martinacvajnersoviet,1
1929,signoras,1
1930,personal,1
1931,chicago,2
1932,discomfort,1
1933,transformative,1
1934,encounters,2
1935,racism,1
1936,gavan,1
1937,encountering,1
1938,precarity,1
1939,uncertainty,3
1940,anxiety,1
1941,postgraduate,1
1942,manifesto,1
1943,depersonalising,1
1944,collectivising,1
1945,embracing,1
1946,funding,2
1947,pakistani,1
1948,transnational,1
1949,laurenberlantkathleenstewartthe,1
1950,pressdurham,2
1951,jinahkimpostcolonial,1
1952,grief,1
1953,afterlives,1
1954,wars,1
1955,adjustments,2
1956,violent,1
1957,situations,1
1958,secure,1
1959,units,1
1960,staff,1
1961,play,1
1962,affective,2
1963,hope,1
1964,hani,1
1965,idol,1
1966,violence,8
1967,precarities,1
1968,temporalities,1
1969,confronting,2
1970,self,1
1971,autoethnographic,1
1972,skin,1
1973,anyone,1
1974,become,1
1975,refugee,2
1976,empathic,1
1977,concern,1
1978,documentaries,1
1979,illuminating,1
1980,bodily,1
1981,midwifery,1
1982,rollercoaster,1
1983,structuring,1
1984,diagnosing,1
1985,hearing,1
1986,limits,3
1987,entrepreneurs,1
1988,fields,2
1989,workshop,1
1990,negotiating,1
1991,boycotts,1
1992,un,1
1993,declaration,1
1994,action,2
1995,biography,1
1996,experiments,2
1997,enchantment,1
1998,domestic,1
1999,upcycling,1
2000,tensions,1
2001,smellscapes,1
2002,absent,1
2003,horticultural,1
2004,classifications,1
2005,plant,12
2006,inventories,2
2007,remote,1
2008,sensing,1
2009,biodiverse,1
2010,roofs,2
2011,key,5
2012,functional,4
2013,groups,3
2014,arthropods,1
2015,nature,5
2016,england,4
2017,attachment,1
2018,parks,9
2019,pruning,1
2020,bending,1
2021,moments,1
2022,vibration,1
2023,decrease,1
2024,raised,1
2025,mahogany,1
2026,khaya,1
2027,senegalensis,1
2028,linkages,1
2029,greenspace,5
2030,influenced,1
2031,combination,1
2032,stay,3
2033,home,3
2034,safe,1
2035,gardening,1
2036,aggregated,1
2037,woody,1
2038,greater,2
2039,abundance,3
2040,native,3
2041,birds,3
2042,particulate,2
2043,hurricane,1
2044,irma,1
2045,sociodemographic,1
2046,eight,1
2047,internationally,1
2048,open,2
2049,enhance,1
2050,soundscape,2
2051,protected,2
2052,intelligence,1
2053,prediction,2
2054,tourists,1
2055,biophilic,1
2056,urbanism,1
2057,adaptability,1
2058,avifauna,1
2059,campuses,1
2060,spontaneous,1
2061,hotspot,1
2062,backyards,1
2063,contribute,1
2064,vacant,1
2065,lot,1
2066,establishment,2
2067,alter,2
2068,pocket,1
2069,cemeteries,1
2070,airborne,2
2071,pollen,5
2072,surrounding,1
2073,tenuous,1
2074,link,5
2075,transfer,2
2076,complexifying,1
2077,lawn,1
2078,improves,1
2079,arthropod,2
2080,roof,1
2081,substrates,1
2082,lactuca,1
2083,sativa,1
2084,condition,2
2085,block,1
2086,storage,2
2087,affects,3
2088,availability,5
2089,bacterial,1
2090,taxa,1
2091,linked,1
2092,pollutant,1
2093,degradation,3
2094,landscaping,1
2095,materials,1
2096,motivation,1
2097,influencing,2
2098,wild,1
2099,testing,5
2100,practitioner,1
2101,three,4
2102,midwestern,1
2103,usa,3
2104,visitation,1
2105,appreciation,1
2106,conserves,1
2107,approves,1
2108,intentions,1
2109,referent,1
2110,traditional,2
2111,important,1
2112,others,1
2113,engaging,2
2114,scientists,1
2115,exotic,1
2116,pest,2
2117,detection,3
2118,managers,1
2119,transit,5
2120,greening,2
2121,landforms,2
2122,giant,1
2123,castanopsis,1
2124,sieboldii,1
2125,suburbs,1
2126,eco,1
2127,root,2
2128,precise,1
2129,mature,1
2130,olive,1
2131,heterogeneous,2
2132,wetland,2
2133,quantity,1
2134,greenery,1
2135,usage,1
2136,multiscale,1
2137,watershed,1
2138,sponge,1
2139,structural,1
2140,depth,1
2141,stem,2
2142,encircling,1
2143,roots,3
2144,girdling,1
2145,swmm,1
2146,particle,3
2147,swarm,1
2148,runoff,1
2149,control,2
2150,infrastructures,1
2151,reaping,1
2152,fruits,1
2153,outside,2
2154,classroom,1
2155,denmark,1
2156,upon,1
2157,interventions,4
2158,coupling,1
2159,coordination,1
2160,phenology,1
2161,leaf,2
2162,bark,1
2163,throughfall,1
2164,address,1
2165,cypress,1
2166,mycorrhizae,1
2167,rhizobacteria,1
2168,biomass,4
2169,nutrient,2
2170,status,4
2171,efficiency,3
2172,protein,1
2173,marc,1
2174,kéry,1
2175,andrew,1
2176,royle,1
2177,r,1
2178,bugs,1
2179,vol,1
2180,press,1
2181,pages,1
2182,hardcover,1
2183,ebook,2
2184,volatiles,1
2185,mediate,1
2186,behavioral,1
2187,herbivore,2
2188,shows,1
2189,dominance,2
2190,bombus,1
2191,terrestris,1
2192,indirect,2
2193,insect,2
2194,promotes,1
2195,predatory,1
2196,wasps,1
2197,parasitoids,1
2198,pollinator,2
2199,bees,4
2200,subtropical,3
2201,nutrients,3
2202,rather,1
2203,introduced,1
2204,grassland,1
2205,vascular,1
2206,ground,1
2207,beetle,1
2208,wet,1
2209,arable,2
2210,forager,1
2211,macadamia,1
2212,orchards,1
2213,differ,1
2214,managed,1
2215,intraspecific,1
2216,annual,1
2217,legume,1
2218,medicago,1
2219,minima,1
2220,shaped,1
2221,genetic,2
2222,competitive,1
2223,ability,1
2224,competition,2
2225,kin,2
2226,functions,1
2227,partner,1
2228,traits,1
2229,robber,1
2230,habitats,1
2231,intercropping,1
2232,input,1
2233,without,1
2234,risking,1
2235,significant,1
2236,indicator,2
2237,putative,1
2238,bacteria,1
2239,nitrogen,2
2240,cycles,1
2241,peat,1
2242,swamp,1
2243,β,1
2244,aboveground,1
2245,bioclimatic,1
2246,rangelands,2
2247,flower,1
2248,types,4
2249,bumblebees,1
2250,diets,2
2251,complicate,2
2252,fertility,1
2253,rehabilitation,1
2254,mulching,1
2255,negative,1
2256,fungal,1
2257,slovak,1
2258,oligotrophic,1
2259,grasslands,1
2260,assembly,1
2261,rules,1
2262,succession,1
2263,highly,1
2264,replicable,1
2265,standardized,1
2266,assess,1
2267,seed,1
2268,probabilities,1
2269,describe,1
2270,evaluate,1
2271,functioning,4
2272,mammal,1
2273,assemblages,1
2274,along,4
2275,gradients,1
2276,differentiation,3
2277,plants,1
2278,roost,1
2279,fidelity,1
2280,noctule,1
2281,bats,3
2282,red,1
2283,foxes,1
2284,output,1
2285,white,1
2286,spruce,1
2287,year,1
2288,bear,1
2289,energetic,1
2290,kleptoparasitism,1
2291,dominant,1
2292,scavenger,1
2293,may,2
2294,foraging,1
2295,behaviors,2
2296,apex,2
2297,predator,2
2298,semiochemicals,1
2299,habitat,1
2300,manipulation,1
2301,lacewing,1
2302,aphid,1
2303,infestations,1
2304,agroecosystems,2
2305,nocturnal,1
2306,insects,1
2307,macroecological,1
2308,resident,1
2309,migratory,1
2310,hummingbirds,1
2311,prokaryote,1
2312,metazoan,1
2313,floodplain,1
2314,aquifer,1
2315,tested,1
2316,productivity,3
2317,complementary,1
2318,diversification,2
2319,webs,1
2320,microbial,1
2321,enzyme,1
2322,kinetics,1
2323,causes,3
2324,consequences,3
2325,lags,1
2326,basic,1
2327,feral,2
2328,wildlife,2
2329,horses,1
2330,microbiome,1
2331,reprint,1
2332,planted,1
2333,varying,2
2334,synzoochory,1
2335,naturalization,1
2336,almond,1
2337,grinnellian,1
2338,eltonian,1
2339,dimensions,2
2340,niches,1
2341,tale,1
2342,wolf,1
2343,spiders,1
2344,driver,1
2345,respiration,1
2346,niche,1
2347,overlap,1
2348,honey,1
2349,bee,1
2350,restored,1
2351,prairies,1
2352,structured,1
2353,floral,1
2354,molecular,1
2355,thresholds,1
2356,including,1
2357,feeding,1
2358,exposed,1
2359,monthly,1
2360,carabids,1
2361,kaiserstuhl,1
2362,southwest,1
2363,dispersal,1
2364,driven,1
2365,aggregation,1
2366,acceptance,1
2367,relates,2
2368,assigned,1
2369,urbanites,1
2370,neotropical,1
2371,fragmentation,1
2372,identifying,1
2373,economically,1
2374,relevant,1
2375,forests,5
2376,framed,1
2377,eu,2
2378,partisan,2
2379,theory,1
2380,four,2
2381,conflict,2
2382,nonindustrial,1
2383,private,3
2384,landowner,1
2385,prescribed,1
2386,burning,1
2387,lower,5
2388,wildfire,1
2389,reducing,2
2390,deforestation,2
2391,summary,1
2392,outlook,1
2393,costs,3
2394,fire,1
2395,cerrado,1
2396,rubber,1
2397,proposed,1
2398,forestland,2
2399,log,3
2400,administrators,1
2401,communal,1
2402,organizations,1
2403,persona,1
2404,owners,2
2405,priorities,1
2406,upland,1
2407,product,3
2408,chains,4
2409,reduction,1
2410,elasticities,1
2411,dissolving,1
2412,pulp,1
2413,chemical,2
2414,derivatives,1
2415,textile,1
2416,fibres,1
2417,bioeconomy,1
2418,anticipated,1
2419,sdg,1
2420,targets,1
2421,scientific,1
2422,improve,3
2423,afforestation,1
2424,stringent,1
2425,protect,1
2426,construction,1
2427,significantly,1
2428,investment,3
2429,timber,4
2430,forestry,1
2431,fujian,1
2432,stochastic,1
2433,simulation,3
2434,afromontane,1
2435,cognitive,2
2436,demographic,1
2437,attitudes,2
2438,restore,2
2439,chestnut,1
2440,makes,1
2441,deteriorate,1
2442,dengcen,1
2443,village,2
2444,southwestern,1
2445,platform,2
2446,finnish,1
2447,utilisation,1
2448,expected,1
2449,economic,5
2450,wildfires,2
2451,eucalypt,1
2452,plantations,1
2453,optimising,1
2454,payment,1
2455,schemes,1
2456,atlantic,1
2457,stock,1
2458,colonial,2
2459,hangover,1
2460,bricolage,1
2461,cameroon,2
2462,acacia,1
2463,woodchip,1
2464,furniture,1
2465,connectedness,1
2466,valuation,1
2467,democracy,1
2468,spillover,1
2469,designating,1
2470,swiss,1
2471,remaining,1
2472,devolution,1
2473,honduras,1
2474,protection,2
2475,flpa,1
2476,georgia,2
2477,wood,2
2478,cartel,1
2479,finland,2
2480,price,2
2481,interest,1
2482,compensation,1
2483,claims,1
2484,trading,1
2485,mandatory,1
2486,legality,1
2487,licensing,1
2488,exports,1
2489,indonesian,1
2490,products,1
2491,balancing,1
2492,frames,1
2493,democratic,1
2494,republic,3
2495,korea,2
2496,beijing,1
2497,gentrification,1
2498,portland,1
2499,oregon,1
2500,electricity,1
2501,generation,1
2502,partnership,1
2503,agreements,1
2504,advantage,1
2505,penalty,1
2506,disparities,1
2507,physiological,1
2508,older,6
2509,course,2
2510,bmi,1
2511,walkability,2
2512,glycemic,1
2513,markers,1
2514,type,2
2515,diabetes,3
2516,hoorn,1
2517,cohort,3
2518,epigenetics,1
2519,chronic,2
2520,wellbeing,1
2521,hubei,1
2522,reductions,2
2523,stage,2
2524,neighbourhood,4
2525,interrelationships,1
2526,first,4
2527,episode,2
2528,psychosis,1
2529,one,2
2530,progressions,1
2531,stories,1
2532,relocating,1
2533,neighbourhoods,2
2534,associations,7
2535,binge,1
2536,sample,1
2537,importance,1
2538,walking,2
2539,steps,1
2540,half,2
2541,yokohama,1
2542,sedentary,1
2543,interpretations,1
2544,density,2
2545,stores,1
2546,purchases,1
2547,beverages,1
2548,destinations,2
2549,restrictions,1
2550,variety,1
2551,mostly,1
2552,exercise,1
2553,close,1
2554,workload,1
2555,embodied,1
2556,political,9
2557,ecologies,1
2558,undernutrition,1
2559,heterogeneity,3
2560,disadvantage,4
2561,obesity,2
2562,unhealthy,1
2563,advertising,1
2564,proximity,2
2565,inequalities,1
2566,measured,2
2567,scottish,1
2568,gps,1
2569,legacy,1
2570,redlining,1
2571,tobacco,4
2572,retailer,2
2573,ohio,1
2574,minority,1
2575,leads,1
2576,disproportionate,1
2577,burden,1
2578,illinois,1
2579,reliability,1
2580,blue,3
2581,bluehealth,1
2582,beat,1
2583,mask,1
2584,wearing,1
2585,june,1
2586,internalizing,1
2587,maternal,1
2588,depression,1
2589,abuse,1
2590,father,1
2591,gardener,1
2592,narrative,2
2593,dementia,1
2594,smoking,1
2595,retail,1
2596,drug,1
2597,dominican,1
2598,five,1
2599,origin,1
2600,alcohol,1
2601,harm,1
2602,facilitators,1
2603,mobilisation,1
2604,initial,1
2605,implementation,2
2606,surprising,1
2607,much,1
2608,nonsense,1
2609,hear,1
2610,react,1
2611,stigmatised,1
2612,synthesis,1
2613,ethnic,1
2614,allostatic,1
2615,executive,1
2616,function,1
2617,relative,1
2618,greenness,1
2619,buffers,1
2620,stressful,1
2621,distress,1
2622,store,1
2623,following,1
2624,beverage,1
2625,tax,1
2626,oakland,1
2627,stigma,1
2628,black,2
2629,gay,1
2630,limb,1
2631,osteoarthritis,1
2632,mediation,1
2633,americans,1
2634,vape,1
2635,shops,1
2636,stable,1
2637,deficits,1
2638,neurocognitive,1
2639,obstructive,1
2640,pulmonary,1
2641,hospital,1
2642,psychosocial,1
2643,visual,1
2644,cues,1
2645,breast,1
2646,survivors,1
2647,stressed,1
2648,anxious,1
2649,sick,1
2650,floods,3
2651,photovoice,1
2652,differentiated,1
2653,fadama,1
2654,accra,1
2655,medical,1
2656,homes,1
2657,adult,1
2658,exposures,1
2659,deprivation,1
2660,ages,1
2661,cross,1
2662,lagged,1
2663,uk,2
2664,distances,1
2665,dockless,2
2666,metros,1
2667,working,1
2668,shopping,1
2669,gradient,1
2670,boosting,1
2671,positional,1
2672,goods,1
2673,discussion,1
2674,provincial,1
2675,privacy,1
2676,measures,2
2677,crowdsourced,1
2678,bicycle,3
2679,contested,1
2680,mobilities,1
2681,sweden,1
2682,choice,3
2683,commuting,3
2684,méxico,1
2685,chance,1
2686,karen,1
2687,lucas,1
2688,karel,1
2689,martens,1
2690,floridea,1
2691,di,1
2692,ciommo,1
2693,ariane,1
2694,eds,1
2695,elsevier,1
2696,justinspinneyunderstanding,1
2697,options,1
2698,commute,1
2699,seeking,1
2700,healthcare,1
2701,elderly,1
2702,patients,1
2703,segregation,1
2704,container,1
2705,terminal,1
2706,hinterland,1
2707,cologne,1
2708,taking,1
2709,account,1
2710,disruption,1
2711,shared,3
2712,trip,3
2713,origins,1
2714,determine,1
2715,correlations,1
2716,tourism,2
2717,parcel,1
2718,pedestrian,1
2719,ferry,1
2720,quo,2
2721,vadis,2
2722,newcomers,1
2723,confronted,1
2724,iranian,1
2725,subjects,1
2726,move,1
2727,accidents,1
2728,competitiveness,1
2729,commuter,1
2730,midsize,1
2731,thunder,1
2732,guest,1
2733,editorial,1
2734,vélomobilities,1
2735,minibus,1
2736,taxis,1
2737,kampala,1
2738,paratransit,1
2739,march,1
2740,september,1
2741,google,1
2742,api,1
2743,pedalling,1
2744,zealand,2
2745,deeper,1
2746,ridehailing,1
2747,inferring,1
2748,purposes,1
2749,uncovering,1
2750,bike,1
2751,dataset,1
2752,shenzhen,1
2753,warehouses,1
2754,contributing,1
2755,economy,2
2756,reveal,1
2757,lines,1
2758,route,1
2759,mass,2
2760,questioning,1
2761,stereotypes,1
2762,accessing,1
2763,divine,1
2764,jerusalem,2
2765,cable,1
2766,jersey,1
2767,stated,1
2768,preference,1
2769,rooney,1
2770,taylor,1
2771,francis,1
2772,crash,1
2773,tobit,1
2774,parameters,1
2775,brt,1
2776,lahore,1
2777,near,1
2778,excess,1
2779,democratising,1
2780,lies,1
2781,beneath,1
2782,peruvian,2
2783,underground,1
2784,predicament,1
2785,sovereignty,2
2786,forced,1
2787,injustices,1
2788,salar,1
2789,shadow,1
2790,electromobility,1
2791,blockchain,1
2792,traceability,1
2793,interplay,2
2794,exception,1
2795,habitus,1
2796,organized,1
2797,staging,1
2798,spectacle,1
2799,spiritual,1
2800,geopolitics,5
2801,integrity,1
2802,exclusionary,2
2803,nationalism,2
2804,citizenship,1
2805,intersection,1
2806,tracing,1
2807,cloud,1
2808,emergent,1
2809,centres,1
2810,polarizations,1
2811,neonationalisms,1
2812,bordering,1
2813,operationalising,1
2814,identity,1
2815,opinion,1
2816,refugees,1
2817,snapshot,1
2818,reapportioning,1
2819,congress,1
2820,shifting,1
2821,fringe,1
2822,unrest,1
2823,visa,1
2824,divide,1
2825,permits,1
2826,varies,1
2827,worldwide,1
2828,ritual,1
2829,riots,1
2830,belfast,1
2831,embodying,1
2832,falling,1
2833,territorialisation,1
2834,reconfiguration,1
2835,upper,3
2836,ever,1
2837,cosmopolitan,1
2838,studying,1
2839,divergence,1
2840,principled,1
2841,pragmatism,1
2842,going,1
2843,back,1
2844,veterans,1
2845,malvinas,1
2846,war,2
2847,fe,1
2848,electoral,1
2849,resurgence,2
2850,forces,1
2851,andalusia,1
2852,colonising,1
2853,volcanic,3
2854,geopower,2
2855,civil,1
2856,justinbeaumontreading,1
2857,routledge,1
2858,handbook,1
2859,illus,1
2860,hardback,1
2861,pub,2
2862,vitalsource,1
2863,rental,2
2864,contradiction,1
2865,terms,1
2866,quarantine,1
2867,nuclear,2
2868,necropower,1
2869,around,1
2870,coexistence,1
2871,reshaping,1
2872,cartographic,1
2873,feelings,1
2874,nation,1
2875,candidate,1
2876,voter,1
2877,polarization,1
2878,cavernous,1
2879,territory,1
2880,kurdish,1
2881,question,1
2882,rescue,1
2883,promotion,1
2884,mexican,1
2885,practicing,1
2886,decolonial,1
2887,neocolonialism,1
2888,threat,1
2889,coalbed,1
2890,methane,1
2891,stratum,1
2892,inquiry,1
2893,lorraine,1
2894,france,1
2895,decolonisation,1
2896,diplomacies,1
2897,lusophone,1
2898,prefigurative,1
2899,infrastructural,1
2900,repertoires,1
2901,guayaquil,1
2902,legal,1
2903,happened,1
2904,geopolitical,1
2905,framing,2
2906,party,1
2907,capitalism,1
2908,unknownindustrialprisoner,1
2909,neither,1
2910,enough,1
2911,modest,1
2912,pandemopolitics,1
2913,serbia,1
2914,belarus,1
2915,escape,1
2916,ecomodernism,1
2917,degrowth,1
2918,days,1
2919,opening,1
2920,subjective,1
2921,mind,1
2922,decarbonisation,1
2923,leading,1
2924,bank,1
2925,shape,1
2926,agendas,1
2927,coasts,2
2928,reveals,4
2929,guidance,1
2930,best,1
2931,transdisciplinary,2
2932,ratings,1
2933,controversies,1
2934,attitudinal,1
2935,skepticism,1
2936,continuum,1
2937,bundles,1
2938,landownership,1
2939,ethnicity,1
2940,matrilineal,1
2941,patrilineal,1
2942,bamenda,1
2943,highlands,1
2944,explaining,1
2945,glyphosate,1
2946,portfolios,1
2947,meet,1
2948,target,1
2949,interlinkages,1
2950,dependency,1
2951,cascading,1
2952,disasters,1
2953,institutions,1
2954,payments,1
2955,seven,1
2956,ideological,1
2957,barrier,1
2958,quantitative,2
2959,reward,1
2960,fishers,1
2961,storminess,2
2962,incorporating,1
2963,sequestration,1
2964,neutrality,1
2965,stressors,1
2966,mountain,3
2967,nepalese,1
2968,caught,1
2969,squeeze,1
2970,games,1
2971,catalyst,1
2972,ipcc,1
2973,reports,1
2974,challenge,1
2975,exploratory,1
2976,anomalies,1
2977,disaggregated,1
2978,capturing,1
2979,transform,1
2980,articulation,1
2981,empower,1
2982,smarter,1
2983,feedback,1
2984,unemployment,1
2985,avalanche,1
2986,maurienne,1
2987,inferred,2
2988,publisher,1
2989,note,1
2990,feels,1
2991,coupled,1
2992,sheet,2
2993,sensitive,1
2994,cordilleran,1
2995,ice,1
2996,interval,2
2997,niushan,1
2998,delayed,1
2999,signal,2
3000,post,1
3001,extinction,3
3002,paleoceanographic,1
3003,meridional,1
3004,since,3
3005,last,5
3006,glacial,1
3007,maximum,1
3008,radiolarian,1
3009,hydrocarbon,1
3010,successions,1
3011,frequent,1
3012,calcispheres,1
3013,carnian,1
3014,pluvial,1
3015,late,9
3016,triassic,3
3017,style,1
3018,provenance,2
3019,magmatic,1
3020,aptian,1
3021,oceanic,3
3022,anoxic,2
3023,oae,1
3024,ordovician,2
3025,reef,1
3026,peculiar,1
3027,consortium,1
3028,foreland,2
3029,orogenic,1
3030,exhumation,1
3031,nappe,1
3032,stacking,1
3033,inferences,1
3034,thermochronological,1
3035,profile,1
3036,carpathians,1
3037,paleoenvironmental,1
3038,uplift,1
3039,eocene,1
3040,signals,1
3041,reconstructions,2
3042,northeastern,2
3043,tibetan,3
3044,biofacies,1
3045,teočak,1
3046,section,1
3047,bosnia,1
3048,herzegovina,1
3049,geochemistry,1
3050,abnormal,1
3051,enrichment,1
3052,shales,1
3053,lowermost,1
3054,cambrian,1
3055,niutitang,1
3056,redox,1
3057,hydrothermal,1
3058,paleoclimate,1
3059,orbital,2
3060,forcing,1
3061,tethys,3
3062,coronene,1
3063,biomarker,1
3064,magnitude,2
3065,devonian,1
3066,reflect,1
3067,miocene,1
3068,biomes,1
3069,decadal,2
3070,timescale,1
3071,holocene,4
3072,crisis,1
3073,unreefing,1
3074,led,1
3075,demise,1
3076,dachstein,1
3077,carbonate,1
3078,revised,1
3079,transdanubian,1
3080,range,2
3081,hungary,2
3082,sediments,1
3083,pannonian,2
3084,step,1
3085,sedimentary,1
3086,rapid,1
3087,waviness,1
3088,westerly,1
3089,jet,1
3090,stream,2
3091,interannual,1
3092,acceleration,1
3093,correction,1
3094,demonstration,1
3095,resolution,1
3096,netherlands,1
3097,anatomical,1
3098,spring,1
3099,discharge,1
3100,luna,1
3101,sink,1
3102,deformation,1
3103,mechanism,1
3104,fluid,1
3105,flow,4
3106,siliciclastic,1
3107,deposits,1
3108,boundary,1
3109,geomagnetic,1
3110,secular,1
3111,foci,1
3112,glaciation,1
3113,latitude,1
3114,kyr,1
3115,montane,1
3116,congo,1
3117,stratigraphy,1
3118,defined,1
3119,seismic,1
3120,refraction,1
3121,well,1
3122,stromatolites,1
3123,virgin,1
3124,limestone,1
3125,diamond,1
3126,nv,1
3127,dysoxia,1
3128,enhanced,1
3129,calcification,1
3130,microbialites,1
3131,interacted,1
3132,biophysics,1
3133,socioeconomics,1
3134,normalized,1
3135,difference,1
3136,cretaceous,2
3137,currents,1
3138,nd,1
3139,isotopes,1
3140,clay,1
3141,mineralogy,1
3142,observed,1
3143,tide,1
3144,records,2
3145,modes,1
3146,lithospheric,1
3147,weak,1
3148,continental,1
3149,rifting,2
3150,trough,1
3151,projected,1
3152,excursion,1
3153,qiangtang,1
3154,comment,1
3155,reply,1
3156,meeting,1
3157,backarc,1
3158,offshore,1
3159,crises,1
3160,suborbital,1
3161,bering,1
3162,ka,1
3163,diatom,1
3164,proxies,1
3165,competing,1
3166,fluvial,4
3167,incision,2
3168,quaternary,3
3169,exorheic,1
3170,moyobamba,1
3171,subandes,1
3172,alsek,1
3173,glacier,1
3174,retreat,1
3175,outlet,1
3176,alaska,1
3177,montana,1
3178,dem,1
3179,resolutions,1
3180,erosion,5
3181,equation,1
3182,characterisation,1
3183,aeolian,1
3184,accumulation,1
3185,topography,3
3186,channel,4
3187,tammaro,1
3188,shoreline,1
3189,beach,1
3190,calcareous,1
3191,tufa,1
3192,valleys,1
3193,pecora,1
3194,resurfaced,1
3195,paleodunes,1
3196,botucatu,1
3197,erg,1
3198,paraná,1
3199,volcanics,1
3200,direction,2
3201,sequencing,1
3202,headland,1
3203,bypassing,1
3204,spatiotemporally,1
3205,mainstem,1
3206,riverbed,1
3207,elevation,2
3208,tributary,1
3209,interglacial,1
3210,ara,1
3211,measurements,2
3212,crestal,1
3213,turbulent,1
3214,transverse,1
3215,dune,3
3216,ridges,1
3217,polygonal,1
3218,terrain,2
3219,formed,1
3220,sulfate,1
3221,weathering,1
3222,biogeomorphological,1
3223,domination,1
3224,šumava,1
3225,mountains,2
3226,czech,1
3227,intertidal,1
3228,wetlands,2
3229,utilising,1
3230,fusion,1
3231,changjiang,1
3232,estuary,1
3233,anthropogenic,1
3234,amplification,1
3235,geomorphic,2
3236,campania,1
3237,geomorphology,1
3238,surficial,1
3239,femmilsjøen,1
3240,spitsbergen,1
3241,hypogene,1
3242,speleogenesis,1
3243,paragenesis,1
3244,dolomites,1
3245,episodically,1
3246,volatile,1
3247,ping,1
3248,conversion,1
3249,subaqueous,1
3250,megaflood,1
3251,hypothesis,1
3252,multibeam,1
3253,seabed,1
3254,camera,1
3255,imaging,1
3256,submarine,2
3257,palaeovalley,1
3258,qinling,1
3259,topographical,1
3260,direct,1
3261,continuous,1
3262,sandy,1
3263,ephemeral,1
3264,landslides,1
3265,siberian,1
3266,termination,1
3267,lomonosov,1
3268,ridge,1
3269,domains,1
3270,dome,1
3271,barchan,1
3272,airflow,1
3273,image,1
3274,velocimetry,1
3275,tunnel,1
3276,maar,1
3277,lakes,1
3278,instability,1
3279,lake,1
3280,pavin,1
3281,massif,1
3282,expression,1
3283,shear,1
3284,uruguayan,1
3285,shields,1
3286,cliff,1
3287,recession,1
3288,advances,1
3289,rio,1
3290,gere,1
3291,august,1
3292,drainage,2
3293,hypsometry,1
3294,generalized,1
3295,tectonically,1
3296,rift,1
3297,mweru,1
3298,planform,1
3299,landsurface,1
3300,segmentation,1
3301,terrace,1
3302,rockfalls,1
3303,shaping,1
3304,periglacial,1
3305,gorges,1
3306,queen,1
3307,creek,1
3308,fold,1
3309,segment,1
3310,linkage,1
3311,lateral,1
3312,qiulitage,1
3313,anticline,1
3314,tianshan,1
3315,nw,1
3316,landslide,1
3317,acquisition,1
3318,probabilistic,1
3319,rockfall,1
3320,el,1
3321,hierro,1
3322,canary,1
3323,mangroves,1
3324,louisiana,1
3325,affecting,1
3326,granitic,1
3327,pluton,2
3328,lachlan,1
3329,foldbelt,1
3330,fates,1
3331,mississippi,2
3332,similar,1
3333,riverine,1
3334,ningshao,1
3335,plain,1
3336,buffering,1
3337,denudation,1
3338,mountainous,1
3339,windfall,1
3340,deposition,1
3341,bed,1
3342,atchafalaya,1
3343,distributary,1
3344,rills,1
3345,redistribution,1
3346,steep,1
3347,hillslope,1
3348,rock,1
3349,slope,1
3350,inventory,1
3351,salt,1
3352,marshes,1
3353,gravel,1
3354,augmentation,1
3355,regulated,1
3356,sinistral,1
3357,fault,1
